,alpha,beta,l1,l2,cum_gain
0,0.05,0.05,0.05,0.05,0.7977072310405636
1,0.05,0.05,0.05,0.1,0.7977072310405636
2,0.05,0.05,0.05,0.5,0.7977072310405636
3,0.05,0.05,0.05,1.0,0.7977072310405636
4,0.05,0.05,0.05,1.5,0.7977072310405636
5,0.05,0.05,0.05,2.0,0.7977072310405636
6,0.05,0.05,0.1,0.05,0.7977072310405636
7,0.05,0.05,0.1,0.1,0.7977072310405636
8,0.05,0.05,0.1,0.5,0.7977072310405636
9,0.05,0.05,0.1,1.0,0.7977072310405636
10,0.05,0.05,0.1,1.5,0.7977072310405636
11,0.05,0.05,0.1,2.0,0.7977072310405636
12,0.05,0.05,0.5,0.05,0.7977072310405636
13,0.05,0.05,0.5,0.1,0.7977072310405636
14,0.05,0.05,0.5,0.5,0.7977072310405636
15,0.05,0.05,0.5,1.0,0.7977072310405636
16,0.05,0.05,0.5,1.5,0.7977072310405636
17,0.05,0.05,0.5,2.0,0.7977072310405636
18,0.05,0.05,1.0,0.05,0.7977072310405636
19,0.05,0.05,1.0,0.1,0.7977072310405636
20,0.05,0.05,1.0,0.5,0.7977072310405636
21,0.05,0.05,1.0,1.0,0.7977072310405636
22,0.05,0.05,1.0,1.5,0.7977072310405636
23,0.05,0.05,1.0,2.0,0.7977072310405636
24,0.05,0.05,1.5,0.05,0.7977072310405636
25,0.05,0.05,1.5,0.1,0.7977072310405636
26,0.05,0.05,1.5,0.5,0.7977072310405636
27,0.05,0.05,1.5,1.0,0.7977072310405636
28,0.05,0.05,1.5,1.5,0.7977072310405636
29,0.05,0.05,1.5,2.0,0.7977072310405636
30,0.05,0.05,2.0,0.05,0.7977072310405636
31,0.05,0.05,2.0,0.1,0.7977072310405636
32,0.05,0.05,2.0,0.5,0.7977072310405636
33,0.05,0.05,2.0,1.0,0.7977072310405636
34,0.05,0.05,2.0,1.5,0.7977072310405636
35,0.05,0.05,2.0,2.0,0.7977072310405636
36,0.05,0.1,0.05,0.05,0.7977072310405636
37,0.05,0.1,0.05,0.1,0.7977072310405636
38,0.05,0.1,0.05,0.5,0.7977072310405636
39,0.05,0.1,0.05,1.0,0.7977072310405636
40,0.05,0.1,0.05,1.5,0.7977072310405636
41,0.05,0.1,0.05,2.0,0.7977072310405636
42,0.05,0.1,0.1,0.05,0.7977072310405636
43,0.05,0.1,0.1,0.1,0.7977072310405636
44,0.05,0.1,0.1,0.5,0.7977072310405636
45,0.05,0.1,0.1,1.0,0.7977072310405636
46,0.05,0.1,0.1,1.5,0.7977072310405636
47,0.05,0.1,0.1,2.0,0.7977072310405636
48,0.05,0.1,0.5,0.05,0.7977072310405636
49,0.05,0.1,0.5,0.1,0.7977072310405636
50,0.05,0.1,0.5,0.5,0.7977072310405636
51,0.05,0.1,0.5,1.0,0.7977072310405636
52,0.05,0.1,0.5,1.5,0.7977072310405636
53,0.05,0.1,0.5,2.0,0.7977072310405636
54,0.05,0.1,1.0,0.05,0.7977072310405636
55,0.05,0.1,1.0,0.1,0.7977072310405636
56,0.05,0.1,1.0,0.5,0.7977072310405636
57,0.05,0.1,1.0,1.0,0.7977072310405636
58,0.05,0.1,1.0,1.5,0.7977072310405636
59,0.05,0.1,1.0,2.0,0.7977072310405636
60,0.05,0.1,1.5,0.05,0.7977072310405636
61,0.05,0.1,1.5,0.1,0.7977072310405636
62,0.05,0.1,1.5,0.5,0.7977072310405636
63,0.05,0.1,1.5,1.0,0.7977072310405636
64,0.05,0.1,1.5,1.5,0.7977072310405636
65,0.05,0.1,1.5,2.0,0.7977072310405636
66,0.05,0.1,2.0,0.05,0.7977072310405636
67,0.05,0.1,2.0,0.1,0.7977072310405636
68,0.05,0.1,2.0,0.5,0.7977072310405636
69,0.05,0.1,2.0,1.0,0.7977072310405636
70,0.05,0.1,2.0,1.5,0.7977072310405636
71,0.05,0.1,2.0,2.0,0.7977072310405636
72,0.05,0.5,0.05,0.05,0.7977072310405636
73,0.05,0.5,0.05,0.1,0.7977072310405636
74,0.05,0.5,0.05,0.5,0.7977072310405636
75,0.05,0.5,0.05,1.0,0.7977072310405636
76,0.05,0.5,0.05,1.5,0.7977072310405636
77,0.05,0.5,0.05,2.0,0.7977072310405636
78,0.05,0.5,0.1,0.05,0.7977072310405636
79,0.05,0.5,0.1,0.1,0.7977072310405636
80,0.05,0.5,0.1,0.5,0.7977072310405636
81,0.05,0.5,0.1,1.0,0.7977072310405636
82,0.05,0.5,0.1,1.5,0.7977072310405636
83,0.05,0.5,0.1,2.0,0.7977072310405636
84,0.05,0.5,0.5,0.05,0.7977072310405636
85,0.05,0.5,0.5,0.1,0.7977072310405636
86,0.05,0.5,0.5,0.5,0.7977072310405636
87,0.05,0.5,0.5,1.0,0.7977072310405636
88,0.05,0.5,0.5,1.5,0.9466020436436238
89,0.05,0.5,0.5,2.0,0.9876930080512375
90,0.05,0.5,1.0,0.05,0.7977072310405636
91,0.05,0.5,1.0,0.1,0.7977072310405636
92,0.05,0.5,1.0,0.5,0.7977072310405636
93,0.05,0.5,1.0,1.0,0.7977072310405636
94,0.05,0.5,1.0,1.5,0.7977072310405636
95,0.05,0.5,1.0,2.0,0.7977072310405636
96,0.05,0.5,1.5,0.05,0.9550866651463531
97,0.05,0.5,1.5,0.1,0.8005019724335397
98,0.05,0.5,1.5,0.5,0.806649918173991
99,0.05,0.5,1.5,1.0,0.9712233010904927
100,0.05,0.5,1.5,1.5,0.9969788307467248
101,0.05,0.5,1.5,2.0,0.9890832279786309
102,0.05,0.5,2.0,0.05,0.7977072310405636
103,0.05,0.5,2.0,0.1,0.7977072310405636
104,0.05,0.5,2.0,0.5,0.7977072310405636
105,0.05,0.5,2.0,1.0,0.7037265419297293
106,0.05,0.5,2.0,1.5,0.7411665649185057
107,0.05,0.5,2.0,2.0,0.9081308342596938
108,0.05,1.0,0.05,0.05,0.5429364273485322
109,0.05,1.0,0.05,0.1,0.5291811530760256
110,0.05,1.0,0.05,0.5,0.5380886056271681
111,0.05,1.0,0.05,1.0,0.5531561242909512
112,0.05,1.0,0.05,1.5,0.5360508030433042
113,0.05,1.0,0.05,2.0,0.3400105642022698
114,0.05,1.0,0.1,0.05,0.4122992517220285
115,0.05,1.0,0.1,0.1,0.4297566966142857
116,0.05,1.0,0.1,0.5,0.3780016035540429
117,0.05,1.0,0.1,1.0,0.5127841092593147
118,0.05,1.0,0.1,1.5,0.6108986703429192
119,0.05,1.0,0.1,2.0,0.40390088942805474
120,0.05,1.0,0.5,0.05,0.38955698422934876
121,0.05,1.0,0.5,0.1,0.3879810761100068
122,0.05,1.0,0.5,0.5,0.3951707094010047
123,0.05,1.0,0.5,1.0,0.4651692324001457
124,0.05,1.0,0.5,1.5,0.3063948505203904
125,0.05,1.0,0.5,2.0,0.33293127284065904
126,0.05,1.0,1.0,0.05,0.4663088575129907
127,0.05,1.0,1.0,0.1,0.4861510745899777
128,0.05,1.0,1.0,0.5,0.45341941991421325
129,0.05,1.0,1.0,1.0,0.26960543964264994
130,0.05,1.0,1.0,1.5,0.2801562589822775
131,0.05,1.0,1.0,2.0,0.2838292136983026
132,0.05,1.0,1.5,0.05,0.4708584304542145
133,0.05,1.0,1.5,0.1,0.4546982898400061
134,0.05,1.0,1.5,0.5,0.431418328236351
135,0.05,1.0,1.5,1.0,0.48317614186948427
136,0.05,1.0,1.5,1.5,0.4574907567793208
137,0.05,1.0,1.5,2.0,0.4431680602958313
138,0.05,1.0,2.0,0.05,0.4094712370092618
139,0.05,1.0,2.0,0.1,0.44580487475254954
140,0.05,1.0,2.0,0.5,0.4992109337183993
141,0.05,1.0,2.0,1.0,0.40329319740105385
142,0.05,1.0,2.0,1.5,0.39971071478271986
143,0.05,1.0,2.0,2.0,0.4296172888113457
144,0.05,1.5,0.05,0.05,0.6141031711888709
145,0.05,1.5,0.05,0.1,0.6062028621065952
146,0.05,1.5,0.05,0.5,0.608901111016368
147,0.05,1.5,0.05,1.0,0.4637738049702535
148,0.05,1.5,0.05,1.5,0.3793440105751171
149,0.05,1.5,0.05,2.0,0.2161672021824122
150,0.05,1.5,0.1,0.05,0.5902813074713458
151,0.05,1.5,0.1,0.1,0.6117756315129004
152,0.05,1.5,0.1,0.5,0.5958392561126526
153,0.05,1.5,0.1,1.0,0.4719595889933643
154,0.05,1.5,0.1,1.5,0.37961785703571516
155,0.05,1.5,0.1,2.0,0.21107715260378807
156,0.05,1.5,0.5,0.05,0.8798038874713231
157,0.05,1.5,0.5,0.1,0.8988161100617001
158,0.05,1.5,0.5,0.5,0.7927777644021596
159,0.05,1.5,0.5,1.0,0.7492043803137304
160,0.05,1.5,0.5,1.5,0.5247846177394777
161,0.05,1.5,0.5,2.0,0.32955018221404925
162,0.05,1.5,1.0,0.05,0.7503203483742392
163,0.05,1.5,1.0,0.1,0.7715827534623488
164,0.05,1.5,1.0,0.5,0.6643467132912438
165,0.05,1.5,1.0,1.0,0.5633191753135144
166,0.05,1.5,1.0,1.5,0.36203524892998085
167,0.05,1.5,1.0,2.0,0.32268873301077966
168,0.05,1.5,1.5,0.05,0.5863198612285578
169,0.05,1.5,1.5,0.1,0.6089266800450919
170,0.05,1.5,1.5,0.5,0.6616476194557339
171,0.05,1.5,1.5,1.0,0.40720060608646197
172,0.05,1.5,1.5,1.5,0.26691305497270984
173,0.05,1.5,1.5,2.0,0.26819840214981566
174,0.05,1.5,2.0,0.05,0.6828823168613122
175,0.05,1.5,2.0,0.1,0.6779814022667227
176,0.05,1.5,2.0,0.5,0.45663510053833245
177,0.05,1.5,2.0,1.0,0.30611520220489585
178,0.05,1.5,2.0,1.5,0.2729413802492083
179,0.05,1.5,2.0,2.0,0.24301090910971976
180,0.05,2.0,0.05,0.05,0.7219483295280017
181,0.05,2.0,0.05,0.1,0.7219483295280017
182,0.05,2.0,0.05,0.5,0.724770368762009
183,0.05,2.0,0.05,1.0,0.724770368762009
184,0.05,2.0,0.05,1.5,0.7548848340239381
185,0.05,2.0,0.05,2.0,0.7633375249887152
186,0.05,2.0,0.1,0.05,0.7573742266123361
187,0.05,2.0,0.1,0.1,0.745546789025049
188,0.05,2.0,0.1,0.5,0.7219483295280017
189,0.05,2.0,0.1,1.0,0.724770368762009
190,0.05,2.0,0.1,1.5,0.724770368762009
191,0.05,2.0,0.1,2.0,0.7548848340239381
192,0.05,2.0,0.5,0.05,0.714045621042043
193,0.05,2.0,0.5,0.1,0.714045621042043
194,0.05,2.0,0.5,0.5,0.714045621042043
195,0.05,2.0,0.5,1.0,0.7189845471237012
196,0.05,2.0,0.5,1.5,0.7189845471237012
197,0.05,2.0,0.5,2.0,0.759875583046548
198,0.05,2.0,1.0,0.05,0.8268453087093505
199,0.05,2.0,1.0,0.1,0.8268453087093505
200,0.05,2.0,1.0,0.5,0.8268453087093505
201,0.05,2.0,1.0,1.0,0.7723323816332547
202,0.05,2.0,1.0,1.5,0.7723323816332547
203,0.05,2.0,1.0,2.0,0.714045621042043
204,0.05,2.0,1.5,0.05,0.7617004994816697
205,0.05,2.0,1.5,0.1,0.7617004994816697
206,0.05,2.0,1.5,0.5,0.7617004994816697
207,0.05,2.0,1.5,1.0,0.7330684873316982
208,0.05,2.0,1.5,1.5,0.7330684873316982
209,0.05,2.0,1.5,2.0,0.7330684873316982
210,0.05,2.0,2.0,0.05,0.7334366766166603
211,0.05,2.0,2.0,0.1,0.7334366766166603
212,0.05,2.0,2.0,0.5,0.7334366766166603
213,0.05,2.0,2.0,1.0,0.7617004994816697
214,0.05,2.0,2.0,1.5,0.7617004994816697
215,0.05,2.0,2.0,2.0,0.7330684873316982
216,0.1,0.05,0.05,0.05,0.8328034459007209
217,0.1,0.05,0.05,0.1,0.7977072310405636
218,0.1,0.05,0.05,0.5,0.7977072310405636
219,0.1,0.05,0.05,1.0,0.7977072310405636
220,0.1,0.05,0.05,1.5,0.7977072310405636
221,0.1,0.05,0.05,2.0,0.7977072310405636
222,0.1,0.05,0.1,0.05,0.7977072310405636
223,0.1,0.05,0.1,0.1,0.7977072310405636
224,0.1,0.05,0.1,0.5,0.7977072310405636
225,0.1,0.05,0.1,1.0,0.7977072310405636
226,0.1,0.05,0.1,1.5,0.7977072310405636
227,0.1,0.05,0.1,2.0,0.7977072310405636
228,0.1,0.05,0.5,0.05,0.7977072310405636
229,0.1,0.05,0.5,0.1,0.7977072310405636
230,0.1,0.05,0.5,0.5,0.7977072310405636
231,0.1,0.05,0.5,1.0,0.7977072310405636
232,0.1,0.05,0.5,1.5,0.7977072310405636
233,0.1,0.05,0.5,2.0,0.7977072310405636
234,0.1,0.05,1.0,0.05,0.7977072310405636
235,0.1,0.05,1.0,0.1,0.7977072310405636
236,0.1,0.05,1.0,0.5,0.7977072310405636
237,0.1,0.05,1.0,1.0,0.7977072310405636
238,0.1,0.05,1.0,1.5,0.7977072310405636
239,0.1,0.05,1.0,2.0,0.7977072310405636
240,0.1,0.05,1.5,0.05,0.7977072310405636
241,0.1,0.05,1.5,0.1,0.7977072310405636
242,0.1,0.05,1.5,0.5,0.7977072310405636
243,0.1,0.05,1.5,1.0,0.7977072310405636
244,0.1,0.05,1.5,1.5,0.7977072310405636
245,0.1,0.05,1.5,2.0,0.7977072310405636
246,0.1,0.05,2.0,0.05,0.7977072310405636
247,0.1,0.05,2.0,0.1,0.7977072310405636
248,0.1,0.05,2.0,0.5,0.7977072310405636
249,0.1,0.05,2.0,1.0,0.7977072310405636
250,0.1,0.05,2.0,1.5,0.7977072310405636
251,0.1,0.05,2.0,2.0,0.7977072310405636
252,0.1,0.1,0.05,0.05,0.7977072310405636
253,0.1,0.1,0.05,0.1,0.7977072310405636
254,0.1,0.1,0.05,0.5,0.7977072310405636
255,0.1,0.1,0.05,1.0,0.7977072310405636
256,0.1,0.1,0.05,1.5,0.7977072310405636
257,0.1,0.1,0.05,2.0,0.7977072310405636
258,0.1,0.1,0.1,0.05,0.7977072310405636
259,0.1,0.1,0.1,0.1,0.7977072310405636
260,0.1,0.1,0.1,0.5,0.7977072310405636
261,0.1,0.1,0.1,1.0,0.7977072310405636
262,0.1,0.1,0.1,1.5,0.7977072310405636
263,0.1,0.1,0.1,2.0,0.7977072310405636
264,0.1,0.1,0.5,0.05,0.7977072310405636
265,0.1,0.1,0.5,0.1,0.7977072310405636
266,0.1,0.1,0.5,0.5,0.7977072310405636
267,0.1,0.1,0.5,1.0,0.7977072310405636
268,0.1,0.1,0.5,1.5,0.7977072310405636
269,0.1,0.1,0.5,2.0,0.7977072310405636
270,0.1,0.1,1.0,0.05,0.7977072310405636
271,0.1,0.1,1.0,0.1,0.7977072310405636
272,0.1,0.1,1.0,0.5,0.7977072310405636
273,0.1,0.1,1.0,1.0,0.7977072310405636
274,0.1,0.1,1.0,1.5,0.7977072310405636
275,0.1,0.1,1.0,2.0,0.7977072310405636
276,0.1,0.1,1.5,0.05,0.7977072310405636
277,0.1,0.1,1.5,0.1,0.7977072310405636
278,0.1,0.1,1.5,0.5,0.7977072310405636
279,0.1,0.1,1.5,1.0,0.7977072310405636
280,0.1,0.1,1.5,1.5,0.7977072310405636
281,0.1,0.1,1.5,2.0,0.7977072310405636
282,0.1,0.1,2.0,0.05,0.7977072310405636
283,0.1,0.1,2.0,0.1,0.7977072310405636
284,0.1,0.1,2.0,0.5,0.7977072310405636
285,0.1,0.1,2.0,1.0,0.7977072310405636
286,0.1,0.1,2.0,1.5,0.7977072310405636
287,0.1,0.1,2.0,2.0,0.7977072310405636
288,0.1,0.5,0.05,0.05,0.7977072310405636
289,0.1,0.5,0.05,0.1,0.7977072310405636
290,0.1,0.5,0.05,0.5,0.7977072310405636
291,0.1,0.5,0.05,1.0,0.7977072310405636
292,0.1,0.5,0.05,1.5,1.020779087707372
293,0.1,0.5,0.05,2.0,0.9049061203649221
294,0.1,0.5,0.1,0.05,0.7977072310405636
295,0.1,0.5,0.1,0.1,0.7977072310405636
296,0.1,0.5,0.1,0.5,0.7977072310405636
297,0.1,0.5,0.1,1.0,0.7977072310405636
298,0.1,0.5,0.1,1.5,0.9135043190299097
299,0.1,0.5,0.1,2.0,0.9086207007196859
300,0.1,0.5,0.5,0.05,0.7194666371998913
301,0.1,0.5,0.5,0.1,0.701728366151602
302,0.1,0.5,0.5,0.5,0.7879443980474669
303,0.1,0.5,0.5,1.0,0.9065127871711349
304,0.1,0.5,0.5,1.5,0.7916510143157568
305,0.1,0.5,0.5,2.0,0.9344845545732119
306,0.1,0.5,1.0,0.05,0.7977072310405636
307,0.1,0.5,1.0,0.1,0.7977072310405636
308,0.1,0.5,1.0,0.5,0.9622658162708138
309,0.1,0.5,1.0,1.0,0.8417278880630685
310,0.1,0.5,1.0,1.5,0.8515589824837031
311,0.1,0.5,1.0,2.0,1.0799989692775391
312,0.1,0.5,1.5,0.05,0.9009291591370369
313,0.1,0.5,1.5,0.1,0.8843193874663312
314,0.1,0.5,1.5,0.5,0.7110223290220352
315,0.1,0.5,1.5,1.0,0.8601859755155596
316,0.1,0.5,1.5,1.5,1.0513806266221355
317,0.1,0.5,1.5,2.0,1.1388654830235654
318,0.1,0.5,2.0,0.05,0.8327248783549442
319,0.1,0.5,2.0,0.1,0.877703507780249
320,0.1,0.5,2.0,0.5,0.7367879777189725
321,0.1,0.5,2.0,1.0,0.8412376954376841
322,0.1,0.5,2.0,1.5,0.9634100702543439
323,0.1,0.5,2.0,2.0,0.8119721926271342
324,0.1,1.0,0.05,0.05,0.742685776377348
325,0.1,1.0,0.05,0.1,0.7515660074353556
326,0.1,1.0,0.05,0.5,0.7756586113609241
327,0.1,1.0,0.05,1.0,0.6211850294333443
328,0.1,1.0,0.05,1.5,0.49211521704205186
329,0.1,1.0,0.05,2.0,0.5670995947102563
330,0.1,1.0,0.1,0.05,0.7260825095632123
331,0.1,1.0,0.1,0.1,0.7256936691507856
332,0.1,1.0,0.1,0.5,0.7646977568852974
333,0.1,1.0,0.1,1.0,0.5603631985728157
334,0.1,1.0,0.1,1.5,0.4836416027778142
335,0.1,1.0,0.1,2.0,0.5648538868710099
336,0.1,1.0,0.5,0.05,0.9904724891301234
337,0.1,1.0,0.5,0.1,0.9536706260689801
338,0.1,1.0,0.5,0.5,0.9372928339376643
339,0.1,1.0,0.5,1.0,0.6842176993256838
340,0.1,1.0,0.5,1.5,0.6004034444433086
341,0.1,1.0,0.5,2.0,0.617198451793837
342,0.1,1.0,1.0,0.05,0.9150477668930674
343,0.1,1.0,1.0,0.1,0.9554435899571528
344,0.1,1.0,1.0,0.5,0.907397368801068
345,0.1,1.0,1.0,1.0,0.66318986281269
346,0.1,1.0,1.0,1.5,0.5563532427332235
347,0.1,1.0,1.0,2.0,0.5511100554597714
348,0.1,1.0,1.5,0.05,1.0139712913856986
349,0.1,1.0,1.5,0.1,1.0182599318903474
350,0.1,1.0,1.5,0.5,0.9669859744556173
351,0.1,1.0,1.5,1.0,0.659617604728379
352,0.1,1.0,1.5,1.5,0.5376795030700093
353,0.1,1.0,1.5,2.0,0.41505445569865856
354,0.1,1.0,2.0,0.05,0.9361503368860873
355,0.1,1.0,2.0,0.1,0.9287664892379256
356,0.1,1.0,2.0,0.5,0.6926474747801102
357,0.1,1.0,2.0,1.0,0.6450332033599026
358,0.1,1.0,2.0,1.5,0.5978066252693528
359,0.1,1.0,2.0,2.0,0.4828186611062813
360,0.1,1.5,0.05,0.05,0.9398959724357127
361,0.1,1.5,0.05,0.1,0.8135021994234133
362,0.1,1.5,0.05,0.5,0.728598811213037
363,0.1,1.5,0.05,1.0,0.5529678134127138
364,0.1,1.5,0.05,1.5,0.5962665538154112
365,0.1,1.5,0.05,2.0,0.3188476779097571
366,0.1,1.5,0.1,0.05,0.8147310985655645
367,0.1,1.5,0.1,0.1,0.8569922870917895
368,0.1,1.5,0.1,0.5,0.6715765653309961
369,0.1,1.5,0.1,1.0,0.5864064270005015
370,0.1,1.5,0.1,1.5,0.7335761504097269
371,0.1,1.5,0.1,2.0,0.4775257185562767
372,0.1,1.5,0.5,0.05,0.4981964673769505
373,0.1,1.5,0.5,0.1,0.49503542362931197
374,0.1,1.5,0.5,0.5,0.6653694773491173
375,0.1,1.5,0.5,1.0,0.8918209835636226
376,0.1,1.5,0.5,1.5,0.7484724366614256
377,0.1,1.5,0.5,2.0,0.42077788645523523
378,0.1,1.5,1.0,0.05,0.6069472437406594
379,0.1,1.5,1.0,0.1,0.5681215938399056
380,0.1,1.5,1.0,0.5,0.7466132358613113
381,0.1,1.5,1.0,1.0,0.9034049979176612
382,0.1,1.5,1.0,1.5,0.8039460203103146
383,0.1,1.5,1.0,2.0,0.5045334915730844
384,0.1,1.5,1.5,0.05,0.49620909833585364
385,0.1,1.5,1.5,0.1,0.46412327779796514
386,0.1,1.5,1.5,0.5,0.6041122610820948
387,0.1,1.5,1.5,1.0,0.8290906985862374
388,0.1,1.5,1.5,1.5,0.813768971727284
389,0.1,1.5,1.5,2.0,0.6490456306436437
390,0.1,1.5,2.0,0.05,0.4963872164541198
391,0.1,1.5,2.0,0.1,0.5176158061233351
392,0.1,1.5,2.0,0.5,0.640848393857593
393,0.1,1.5,2.0,1.0,0.7747770158119427
394,0.1,1.5,2.0,1.5,0.7846697888922735
395,0.1,1.5,2.0,2.0,0.636684408218844
396,0.1,2.0,0.05,0.05,0.522687115370122
397,0.1,2.0,0.05,0.1,0.522687115370122
398,0.1,2.0,0.05,0.5,0.522687115370122
399,0.1,2.0,0.05,1.0,0.5555749849687194
400,0.1,2.0,0.05,1.5,0.535420895988212
401,0.1,2.0,0.05,2.0,0.5215892698072322
402,0.1,2.0,0.1,0.05,0.5620268549748451
403,0.1,2.0,0.1,0.1,0.571449066706818
404,0.1,2.0,0.1,0.5,0.5622452599068563
405,0.1,2.0,0.1,1.0,0.5266410689034775
406,0.1,2.0,0.1,1.5,0.5295390668988387
407,0.1,2.0,0.1,2.0,0.5555547311506657
408,0.1,2.0,0.5,0.05,0.6082317281742546
409,0.1,2.0,0.5,0.1,0.5527906568734614
410,0.1,2.0,0.5,0.5,0.6274123186557226
411,0.1,2.0,0.5,1.0,0.6061882405295388
412,0.1,2.0,0.5,1.5,0.7614458400620615
413,0.1,2.0,0.5,2.0,0.8134094377838565
414,0.1,2.0,1.0,0.05,0.7583363062535974
415,0.1,2.0,1.0,0.1,0.7583363062535974
416,0.1,2.0,1.0,0.5,0.754809820215522
417,0.1,2.0,1.0,1.0,0.7156486850195289
418,0.1,2.0,1.0,1.5,0.7156486850195289
419,0.1,2.0,1.0,2.0,0.7334366766166603
420,0.1,2.0,1.5,0.05,0.7996125599173869
421,0.1,2.0,1.5,0.1,0.7996125599173869
422,0.1,2.0,1.5,0.5,0.7870719435450877
423,0.1,2.0,1.5,1.0,0.7870719435450877
424,0.1,2.0,1.5,1.5,0.7249177934127126
425,0.1,2.0,1.5,2.0,0.7249177934127126
426,0.1,2.0,2.0,0.05,0.7330684873316982
427,0.1,2.0,2.0,0.1,0.7330684873316982
428,0.1,2.0,2.0,0.5,0.7330684873316982
429,0.1,2.0,2.0,1.0,0.7996125599173869
430,0.1,2.0,2.0,1.5,0.7870719435450877
431,0.1,2.0,2.0,2.0,0.7249177934127126
432,1.0,0.05,0.05,0.05,1.5855533677675464
433,1.0,0.05,0.05,0.1,1.0558261496882362
434,1.0,0.05,0.05,0.5,0.9719026048189048
435,1.0,0.05,0.05,1.0,0.9278892359598294
436,1.0,0.05,0.05,1.5,0.8973290297166451
437,1.0,0.05,0.05,2.0,0.9551466742951575
438,1.0,0.05,0.1,0.05,1.28415866852419
439,1.0,0.05,0.1,0.1,1.0558261496882362
440,1.0,0.05,0.1,0.5,0.9719026048189048
441,1.0,0.05,0.1,1.0,0.8915865526008014
442,1.0,0.05,0.1,1.5,0.8616018034274224
443,1.0,0.05,0.1,2.0,0.9183307258923663
444,1.0,0.05,0.5,0.05,1.5325244464778995
445,1.0,0.05,0.5,0.1,1.3030275970666894
446,1.0,0.05,0.5,0.5,1.278488947351466
447,1.0,0.05,0.5,1.0,0.9525370629429808
448,1.0,0.05,0.5,1.5,0.8933067157536281
449,1.0,0.05,0.5,2.0,0.9438049917014635
450,1.0,0.05,1.0,0.05,0.7977072310405636
451,1.0,0.05,1.0,0.1,0.7977072310405636
452,1.0,0.05,1.0,0.5,1.08839390970958
453,1.0,0.05,1.0,1.0,1.1157859636238947
454,1.0,0.05,1.0,1.5,0.9024022553266263
455,1.0,0.05,1.0,2.0,0.7913532408068309
456,1.0,0.05,1.5,0.05,0.7977072310405636
457,1.0,0.05,1.5,0.1,0.6967422883415073
458,1.0,0.05,1.5,0.5,1.1570739646227106
459,1.0,0.05,1.5,1.0,1.006640735111363
460,1.0,0.05,1.5,1.5,0.6682091079492382
461,1.0,0.05,1.5,2.0,0.7890150948731574
462,1.0,0.05,2.0,0.05,0.7930145798952979
463,1.0,0.05,2.0,0.1,0.8238639677125545
464,1.0,0.05,2.0,0.5,1.1555776309107073
465,1.0,0.05,2.0,1.0,1.120478351496855
466,1.0,0.05,2.0,1.5,0.7056466663021779
467,1.0,0.05,2.0,2.0,0.8287437068974692
468,1.0,0.1,0.05,0.05,1.0558261496882362
469,1.0,0.1,0.05,0.1,1.2321932889840963
470,1.0,0.1,0.05,0.5,0.9719026048189048
471,1.0,0.1,0.05,1.0,0.9278892359598294
472,1.0,0.1,0.05,1.5,0.8973290297166451
473,1.0,0.1,0.05,2.0,0.9551466742951575
474,1.0,0.1,0.1,0.05,1.0558261496882362
475,1.0,0.1,0.1,0.1,1.2700799693966198
476,1.0,0.1,0.1,0.5,0.9719026048189048
477,1.0,0.1,0.1,1.0,0.8915865526008014
478,1.0,0.1,0.1,1.5,0.8616018034274224
479,1.0,0.1,0.1,2.0,0.9077580884322706
480,1.0,0.1,0.5,0.05,1.3030275970666894
481,1.0,0.1,0.5,0.1,1.2599609763993747
482,1.0,0.1,0.5,0.5,1.2002948045271902
483,1.0,0.1,0.5,1.0,0.9409546545523683
484,1.0,0.1,0.5,1.5,0.9037536823863712
485,1.0,0.1,0.5,2.0,0.9438049917014635
486,1.0,0.1,1.0,0.05,0.7977072310405636
487,1.0,0.1,1.0,0.1,0.7977072310405636
488,1.0,0.1,1.0,0.5,1.1309810404280776
489,1.0,0.1,1.0,1.0,1.08175891241408
490,1.0,0.1,1.0,1.5,0.6607042222968641
491,1.0,0.1,1.0,2.0,0.8156735511863875
492,1.0,0.1,1.5,0.05,0.6967422883415073
493,1.0,0.1,1.5,0.1,0.7254912094128477
494,1.0,0.1,1.5,0.5,1.0157226131490444
495,1.0,0.1,1.5,1.0,1.0220677136239975
496,1.0,0.1,1.5,1.5,0.7809978034753456
497,1.0,0.1,1.5,2.0,0.7890150948731574
498,1.0,0.1,2.0,0.05,0.8238639677125545
499,1.0,0.1,2.0,0.1,0.8426266859432401
500,1.0,0.1,2.0,0.5,0.9583117296541179
501,1.0,0.1,2.0,1.0,1.2571851335149336
502,1.0,0.1,2.0,1.5,0.899460509789685
503,1.0,0.1,2.0,2.0,0.7014304601180783
504,1.0,0.5,0.05,0.05,0.9719026048189048
505,1.0,0.5,0.05,0.1,0.9719026048189048
506,1.0,0.5,0.05,0.5,0.9176642691528946
507,1.0,0.5,0.05,1.0,0.8962463080824744
508,1.0,0.5,0.05,1.5,0.9551466742951575
509,1.0,0.5,0.05,2.0,0.9296424118966471
510,1.0,0.5,0.1,0.05,0.9719026048189048
511,1.0,0.5,0.1,0.1,0.9719026048189048
512,1.0,0.5,0.1,0.5,0.8915865526008014
513,1.0,0.5,0.1,1.0,0.8616018034274224
514,1.0,0.5,0.1,1.5,0.9183307258923663
515,1.0,0.5,0.1,2.0,0.8933067157536281
516,1.0,0.5,0.5,0.05,1.278488947351466
517,1.0,0.5,0.5,0.1,1.2002948045271902
518,1.0,0.5,0.5,0.5,1.0668608043570837
519,1.0,0.5,0.5,1.0,0.8933067157536281
520,1.0,0.5,0.5,1.5,0.9438049917014635
521,1.0,0.5,0.5,2.0,0.8845141777991956
522,1.0,0.5,1.0,0.05,1.08839390970958
523,1.0,0.5,1.0,0.1,1.1309810404280776
524,1.0,0.5,1.0,0.5,1.2340245664762088
525,1.0,0.5,1.0,1.0,0.7590249978300906
526,1.0,0.5,1.0,1.5,0.7913532408068309
527,1.0,0.5,1.0,2.0,0.8156735511863875
528,1.0,0.5,1.5,0.05,1.1570739646227106
529,1.0,0.5,1.5,0.1,1.0157226131490444
530,1.0,0.5,1.5,0.5,1.0353873723030145
531,1.0,0.5,1.5,1.0,0.8413974167358624
532,1.0,0.5,1.5,1.5,0.7890150948731574
533,1.0,0.5,1.5,2.0,0.7926549469424351
534,1.0,0.5,2.0,0.05,1.1555776309107073
535,1.0,0.5,2.0,0.1,0.9583117296541179
536,1.0,0.5,2.0,0.5,1.0865088542096082
537,1.0,0.5,2.0,1.0,0.7242219666095393
538,1.0,0.5,2.0,1.5,0.8446944638988474
539,1.0,0.5,2.0,2.0,0.6500984180789038
540,1.0,1.0,0.05,0.05,0.9278892359598294
541,1.0,1.0,0.05,0.1,0.9278892359598294
542,1.0,1.0,0.05,0.5,0.8962463080824744
543,1.0,1.0,0.05,1.0,0.9551466742951575
544,1.0,1.0,0.05,1.5,0.9296424118966471
545,1.0,1.0,0.05,2.0,0.9372429655984431
546,1.0,1.0,0.1,0.05,0.8915865526008014
547,1.0,1.0,0.1,0.1,0.8915865526008014
548,1.0,1.0,0.1,0.5,0.8616018034274224
549,1.0,1.0,0.1,1.0,0.9183307258923663
550,1.0,1.0,0.1,1.5,0.8933067157536281
551,1.0,1.0,0.1,2.0,0.9372429655984431
552,1.0,1.0,0.5,0.05,0.9525370629429808
553,1.0,1.0,0.5,0.1,0.9409546545523683
554,1.0,1.0,0.5,0.5,0.8933067157536281
555,1.0,1.0,0.5,1.0,0.9438049917014635
556,1.0,1.0,0.5,1.5,0.8845141777991956
557,1.0,1.0,0.5,2.0,0.8304107858289316
558,1.0,1.0,1.0,0.05,1.1157859636238947
559,1.0,1.0,1.0,0.1,1.08175891241408
560,1.0,1.0,1.0,0.5,0.7590249978300906
561,1.0,1.0,1.0,1.0,0.7913532408068309
562,1.0,1.0,1.0,1.5,0.8156735511863875
563,1.0,1.0,1.0,2.0,0.8156735511863875
564,1.0,1.0,1.5,0.05,1.006640735111363
565,1.0,1.0,1.5,0.1,1.0220677136239975
566,1.0,1.0,1.5,0.5,0.8413974167358624
567,1.0,1.0,1.5,1.0,0.7890150948731574
568,1.0,1.0,1.5,1.5,0.7926549469424351
569,1.0,1.0,1.5,2.0,0.6781686484045536
570,1.0,1.0,2.0,0.05,1.120478351496855
571,1.0,1.0,2.0,0.1,1.2571851335149336
572,1.0,1.0,2.0,0.5,0.7242219666095393
573,1.0,1.0,2.0,1.0,0.8446944638988474
574,1.0,1.0,2.0,1.5,0.6500984180789038
575,1.0,1.0,2.0,2.0,0.7164829224923169
576,1.0,1.5,0.05,0.05,0.8973290297166451
577,1.0,1.5,0.05,0.1,0.8973290297166451
578,1.0,1.5,0.05,0.5,0.9551466742951575
579,1.0,1.5,0.05,1.0,0.9296424118966471
580,1.0,1.5,0.05,1.5,0.9372429655984431
581,1.0,1.5,0.05,2.0,0.8625849851281663
582,1.0,1.5,0.1,0.05,0.8616018034274224
583,1.0,1.5,0.1,0.1,0.8616018034274224
584,1.0,1.5,0.1,0.5,0.9183307258923663
585,1.0,1.5,0.1,1.0,0.8933067157536281
586,1.0,1.5,0.1,1.5,0.9372429655984431
587,1.0,1.5,0.1,2.0,0.8625849851281663
588,1.0,1.5,0.5,0.05,0.8933067157536281
589,1.0,1.5,0.5,0.1,0.9037536823863712
590,1.0,1.5,0.5,0.5,0.9438049917014635
591,1.0,1.5,0.5,1.0,0.8845141777991956
592,1.0,1.5,0.5,1.5,0.8304107858289316
593,1.0,1.5,0.5,2.0,0.7903853520557037
594,1.0,1.5,1.0,0.05,0.9024022553266263
595,1.0,1.5,1.0,0.1,0.6607042222968641
596,1.0,1.5,1.0,0.5,0.7913532408068309
597,1.0,1.5,1.0,1.0,0.8156735511863875
598,1.0,1.5,1.0,1.5,0.8156735511863875
599,1.0,1.5,1.0,2.0,0.8036640750588303
600,1.0,1.5,1.5,0.05,0.6682091079492382
601,1.0,1.5,1.5,0.1,0.7809978034753456
602,1.0,1.5,1.5,0.5,0.7890150948731574
603,1.0,1.5,1.5,1.0,0.7926549469424351
604,1.0,1.5,1.5,1.5,0.6781686484045536
605,1.0,1.5,1.5,2.0,0.6950326168572931
606,1.0,1.5,2.0,0.05,0.7056466663021779
607,1.0,1.5,2.0,0.1,0.899460509789685
608,1.0,1.5,2.0,0.5,0.8446944638988474
609,1.0,1.5,2.0,1.0,0.6500984180789038
610,1.0,1.5,2.0,1.5,0.7164829224923169
611,1.0,1.5,2.0,2.0,0.8703608911991745
612,1.0,2.0,0.05,0.05,0.9551466742951575
613,1.0,2.0,0.05,0.1,0.9551466742951575
614,1.0,2.0,0.05,0.5,0.9296424118966471
615,1.0,2.0,0.05,1.0,0.9372429655984431
616,1.0,2.0,0.05,1.5,0.8625849851281663
617,1.0,2.0,0.05,2.0,0.8419935090765392
618,1.0,2.0,0.1,0.05,0.9183307258923663
619,1.0,2.0,0.1,0.1,0.9077580884322706
620,1.0,2.0,0.1,0.5,0.8933067157536281
621,1.0,2.0,0.1,1.0,0.9372429655984431
622,1.0,2.0,0.1,1.5,0.8625849851281663
623,1.0,2.0,0.1,2.0,0.8419935090765392
624,1.0,2.0,0.5,0.05,0.9438049917014635
625,1.0,2.0,0.5,0.1,0.9438049917014635
626,1.0,2.0,0.5,0.5,0.8845141777991956
627,1.0,2.0,0.5,1.0,0.8304107858289316
628,1.0,2.0,0.5,1.5,0.7903853520557037
629,1.0,2.0,0.5,2.0,0.7680487519077153
630,1.0,2.0,1.0,0.05,0.7913532408068309
631,1.0,2.0,1.0,0.1,0.8156735511863875
632,1.0,2.0,1.0,0.5,0.8156735511863875
633,1.0,2.0,1.0,1.0,0.8156735511863875
634,1.0,2.0,1.0,1.5,0.8036640750588303
635,1.0,2.0,1.0,2.0,0.6852467389205116
636,1.0,2.0,1.5,0.05,0.7890150948731574
637,1.0,2.0,1.5,0.1,0.7890150948731574
638,1.0,2.0,1.5,0.5,0.7926549469424351
639,1.0,2.0,1.5,1.0,0.6781686484045536
640,1.0,2.0,1.5,1.5,0.6950326168572931
641,1.0,2.0,1.5,2.0,0.6000021302636898
642,1.0,2.0,2.0,0.05,0.8287437068974692
643,1.0,2.0,2.0,0.1,0.7014304601180783
644,1.0,2.0,2.0,0.5,0.6500984180789038
645,1.0,2.0,2.0,1.0,0.7164829224923169
646,1.0,2.0,2.0,1.5,0.8703608911991745
647,1.0,2.0,2.0,2.0,0.7203322628256157
648,1.5,0.05,0.05,0.05,0.7970821589852644
649,1.5,0.05,0.05,0.1,1.5861051175512406
650,1.5,0.05,0.05,0.5,0.9617456790949973
651,1.5,0.05,0.05,1.0,0.9278892359598294
652,1.5,0.05,0.05,1.5,0.8962463080824744
653,1.5,0.05,0.05,2.0,0.9443711303862611
654,1.5,0.05,0.1,0.05,1.600947750957656
655,1.5,0.05,0.1,0.1,1.6616067611602485
656,1.5,0.05,0.1,0.5,0.9617456790949973
657,1.5,0.05,0.1,1.0,0.9278892359598294
658,1.5,0.05,0.1,1.5,0.8973290297166451
659,1.5,0.05,0.1,2.0,0.9443711303862611
660,1.5,0.05,0.5,0.05,1.4455509006525271
661,1.5,0.05,0.5,0.1,1.0937561721099058
662,1.5,0.05,0.5,0.5,0.8952674312467193
663,1.5,0.05,0.5,1.0,0.9694304908016785
664,1.5,0.05,0.5,1.5,0.8773160820528504
665,1.5,0.05,0.5,2.0,0.9811098335171418
666,1.5,0.05,1.0,0.05,0.7703238692427055
667,1.5,0.05,1.0,0.1,0.7799713750926247
668,1.5,0.05,1.0,0.5,1.1308729676724532
669,1.5,0.05,1.0,1.0,0.8931489094502341
670,1.5,0.05,1.0,1.5,0.8837466072056752
671,1.5,0.05,1.0,2.0,0.752488014849206
672,1.5,0.05,1.5,0.05,0.6093253299929814
673,1.5,0.05,1.5,0.1,0.7726663642598133
674,1.5,0.05,1.5,0.5,1.0176141092533388
675,1.5,0.05,1.5,1.0,0.8060888663620306
676,1.5,0.05,1.5,1.5,0.7131023769679802
677,1.5,0.05,1.5,2.0,0.7263285186253254
678,1.5,0.05,2.0,0.05,0.8853321301925919
679,1.5,0.05,2.0,0.1,0.8976015412539082
680,1.5,0.05,2.0,0.5,1.039367347961205
681,1.5,0.05,2.0,1.0,0.9095081181907804
682,1.5,0.05,2.0,1.5,0.6765608456790598
683,1.5,0.05,2.0,2.0,0.6817695505423366
684,1.5,0.1,0.05,0.05,1.1920904217978632
685,1.5,0.1,0.05,0.1,1.8492523387384088
686,1.5,0.1,0.05,0.5,0.9617456790949973
687,1.5,0.1,0.05,1.0,0.9278892359598294
688,1.5,0.1,0.05,1.5,0.8973290297166451
689,1.5,0.1,0.05,2.0,0.9443711303862611
690,1.5,0.1,0.1,0.05,1.2789860534386783
691,1.5,0.1,0.1,0.1,1.8492523387384088
692,1.5,0.1,0.1,0.5,0.9617456790949973
693,1.5,0.1,0.1,1.0,0.9278892359598294
694,1.5,0.1,0.1,1.5,0.8973290297166451
695,1.5,0.1,0.1,2.0,0.9443711303862611
696,1.5,0.1,0.5,0.05,1.0078902234216587
697,1.5,0.1,0.5,0.1,1.0850240454905604
698,1.5,0.1,0.5,0.5,0.6808645189157815
699,1.5,0.1,0.5,1.0,0.9908383718917246
700,1.5,0.1,0.5,1.5,0.9296424118966471
701,1.5,0.1,0.5,2.0,0.9811098335171418
702,1.5,0.1,1.0,0.05,0.7934924809995041
703,1.5,0.1,1.0,0.1,0.7861479719397173
704,1.5,0.1,1.0,0.5,1.1318716681822225
705,1.5,0.1,1.0,1.0,0.8204306335938732
706,1.5,0.1,1.0,1.5,0.881764917893461
707,1.5,0.1,1.0,2.0,0.7511344456716119
708,1.5,0.1,1.5,0.05,0.7250937345110366
709,1.5,0.1,1.5,0.1,0.8147807038101076
710,1.5,0.1,1.5,0.5,0.9407702043957111
711,1.5,0.1,1.5,1.0,0.9339570418399142
712,1.5,0.1,1.5,1.5,0.7131023769679802
713,1.5,0.1,1.5,2.0,0.7520080090178147
714,1.5,0.1,2.0,0.05,0.9069736220734883
715,1.5,0.1,2.0,0.1,0.9250187944020815
716,1.5,0.1,2.0,0.5,1.0281967725803838
717,1.5,0.1,2.0,1.0,0.9743205148774327
718,1.5,0.1,2.0,1.5,0.6817325451716271
719,1.5,0.1,2.0,2.0,0.6245955565604869
720,1.5,0.5,0.05,0.05,0.9819533893945949
721,1.5,0.5,0.05,0.1,0.9617456790949973
722,1.5,0.5,0.05,0.5,0.9719026048189048
723,1.5,0.5,0.05,1.0,0.9080841610795669
724,1.5,0.5,0.05,1.5,0.9551466742951575
725,1.5,0.5,0.05,2.0,0.8520951970363884
726,1.5,0.5,0.1,0.05,0.9617456790949973
727,1.5,0.5,0.1,0.1,0.9617456790949973
728,1.5,0.5,0.1,0.5,0.9719026048189048
729,1.5,0.5,0.1,1.0,0.9080841610795669
730,1.5,0.5,0.1,1.5,0.9551466742951575
731,1.5,0.5,0.1,2.0,0.8520951970363884
732,1.5,0.5,0.5,0.05,1.0066583877663506
733,1.5,0.5,0.5,0.1,0.9673990411481753
734,1.5,0.5,0.5,0.5,0.8973290297166451
735,1.5,0.5,0.5,1.0,0.9443711303862611
736,1.5,0.5,0.5,1.5,0.9811098335171418
737,1.5,0.5,0.5,2.0,0.9074721676496553
738,1.5,0.5,1.0,0.05,1.1183578687890878
739,1.5,0.5,1.0,0.1,1.1818132552089207
740,1.5,0.5,1.0,0.5,1.0980692654585702
741,1.5,0.5,1.0,1.0,0.8621822824531545
742,1.5,0.5,1.0,1.5,0.7766152849805656
743,1.5,0.5,1.0,2.0,0.35247265834202673
744,1.5,0.5,1.5,0.05,1.1512814964047924
745,1.5,0.5,1.5,0.1,1.1508346788741164
746,1.5,0.5,1.5,0.5,1.1423753497467048
747,1.5,0.5,1.5,1.0,0.8280789583215358
748,1.5,0.5,1.5,1.5,0.6644023547577487
749,1.5,0.5,1.5,2.0,0.7388827020907441
750,1.5,0.5,2.0,0.05,1.1633346929301138
751,1.5,0.5,2.0,0.1,1.0498475618536394
752,1.5,0.5,2.0,0.5,0.9667277593957557
753,1.5,0.5,2.0,1.0,0.508631070120549
754,1.5,0.5,2.0,1.5,0.8700323465873698
755,1.5,0.5,2.0,2.0,0.7159957757561594
756,1.5,1.0,0.05,0.05,0.9719026048189048
757,1.5,1.0,0.05,0.1,0.9719026048189048
758,1.5,1.0,0.05,0.5,0.9278892359598294
759,1.5,1.0,0.05,1.0,0.8973290297166451
760,1.5,1.0,0.05,1.5,0.9150275239679311
761,1.5,1.0,0.05,2.0,0.46737425067099786
762,1.5,1.0,0.1,0.05,0.9719026048189048
763,1.5,1.0,0.1,0.1,0.9719026048189048
764,1.5,1.0,0.1,0.5,0.9080841610795669
765,1.5,1.0,0.1,1.0,0.9296638872536499
766,1.5,1.0,0.1,1.5,0.9150275239679311
767,1.5,1.0,0.1,2.0,0.42777947322792353
768,1.5,1.0,0.5,0.05,0.8605394697387405
769,1.5,1.0,0.5,0.1,0.8605394697387405
770,1.5,1.0,0.5,0.5,0.9551466742951575
771,1.5,1.0,0.5,1.0,0.9296424118966471
772,1.5,1.0,0.5,1.5,0.931849089368754
773,1.5,1.0,0.5,2.0,0.8617797517159445
774,1.5,1.0,1.0,0.05,1.3552295990186969
775,1.5,1.0,1.0,0.1,1.172111050257424
776,1.5,1.0,1.0,0.5,0.8543687740296496
777,1.5,1.0,1.0,1.0,0.881764917893461
778,1.5,1.0,1.0,1.5,0.6888309365078088
779,1.5,1.0,1.0,2.0,0.9940249082846682
780,1.5,1.0,1.5,0.05,1.216981401253214
781,1.5,1.0,1.5,0.1,1.2929132209166625
782,1.5,1.0,1.5,0.5,0.8581293962444637
783,1.5,1.0,1.5,1.0,0.6854942527138367
784,1.5,1.0,1.5,1.5,0.7378531037585346
785,1.5,1.0,1.5,2.0,0.7867399609431206
786,1.5,1.0,2.0,0.05,1.0083089617540675
787,1.5,1.0,2.0,0.1,1.0219351538894859
788,1.5,1.0,2.0,0.5,0.971740689444436
789,1.5,1.0,2.0,1.0,0.7733040831083767
790,1.5,1.0,2.0,1.5,0.5163150727381947
791,1.5,1.0,2.0,2.0,0.9706481015772543
792,1.5,1.5,0.05,0.05,0.9278892359598294
793,1.5,1.5,0.05,0.1,0.9278892359598294
794,1.5,1.5,0.05,0.5,0.8962463080824744
795,1.5,1.5,0.05,1.0,0.9443711303862611
796,1.5,1.5,0.05,1.5,0.851866448305063
797,1.5,1.5,0.05,2.0,1.154416725780086
798,1.5,1.5,0.1,0.05,0.9278892359598294
799,1.5,1.5,0.1,0.1,0.9278892359598294
800,1.5,1.5,0.1,0.5,0.8962463080824744
801,1.5,1.5,0.1,1.0,0.9443711303862611
802,1.5,1.5,0.1,1.5,0.8795818959210705
803,1.5,1.5,0.1,2.0,1.051468818379124
804,1.5,1.5,0.5,0.05,0.9908383718917246
805,1.5,1.5,0.5,0.1,0.9908383718917246
806,1.5,1.5,0.5,0.5,0.9150275239679311
807,1.5,1.5,0.5,1.0,0.9811098335171418
808,1.5,1.5,0.5,1.5,0.8818461493822426
809,1.5,1.5,0.5,2.0,0.692382262283371
810,1.5,1.5,1.0,0.05,0.7505683522377187
811,1.5,1.5,1.0,0.1,0.5232954447100958
812,1.5,1.5,1.0,0.5,0.8620456808863026
813,1.5,1.5,1.0,1.0,0.7768040456389846
814,1.5,1.5,1.0,1.5,0.6807320796312668
815,1.5,1.5,1.0,2.0,1.0007467772626615
816,1.5,1.5,1.5,0.05,0.8172315890708661
817,1.5,1.5,1.5,0.1,0.8680587206865438
818,1.5,1.5,1.5,0.5,0.7721599520013447
819,1.5,1.5,1.5,1.0,0.7263285186253254
820,1.5,1.5,1.5,1.5,0.2642955703529446
821,1.5,1.5,1.5,2.0,0.874584364581291
822,1.5,1.5,2.0,0.05,0.8708407575558623
823,1.5,1.5,2.0,0.1,1.1008070305814548
824,1.5,1.5,2.0,0.5,0.7094638053127572
825,1.5,1.5,2.0,1.0,0.8562094916824298
826,1.5,1.5,2.0,1.5,0.8155182567325767
827,1.5,1.5,2.0,2.0,0.826715747779019
828,1.5,2.0,0.05,0.05,0.8962463080824744
829,1.5,2.0,0.05,0.1,0.8962463080824744
830,1.5,2.0,0.05,0.5,0.9551466742951575
831,1.5,2.0,0.05,1.0,0.8520951970363884
832,1.5,2.0,0.05,1.5,0.8749691003952016
833,1.5,2.0,0.05,2.0,1.454173337802589
834,1.5,2.0,0.1,0.05,0.8962463080824744
835,1.5,2.0,0.1,0.1,0.8962463080824744
836,1.5,2.0,0.1,0.5,0.9551466742951575
837,1.5,2.0,0.1,1.0,0.8520951970363884
838,1.5,2.0,0.1,1.5,0.695037099239154
839,1.5,2.0,0.1,2.0,1.4347076630757443
840,1.5,2.0,0.5,0.05,0.9150275239679311
841,1.5,2.0,0.5,0.1,0.9150275239679311
842,1.5,2.0,0.5,0.5,0.9811098335171418
843,1.5,2.0,0.5,1.0,0.9074721676496553
844,1.5,2.0,0.5,1.5,0.3024905534242382
845,1.5,2.0,0.5,2.0,1.0986017634352232
846,1.5,2.0,1.0,0.05,0.8620456808863026
847,1.5,2.0,1.0,0.1,0.8620456808863026
848,1.5,2.0,1.0,0.5,0.7766152849805656
849,1.5,2.0,1.0,1.0,0.35247265834202673
850,1.5,2.0,1.0,1.5,0.9790279299090747
851,1.5,2.0,1.0,2.0,1.060368205368952
852,1.5,2.0,1.5,0.05,0.7903760496695078
853,1.5,2.0,1.5,0.1,0.7961619225461016
854,1.5,2.0,1.5,0.5,0.6644023547577487
855,1.5,2.0,1.5,1.0,0.7388827020907441
856,1.5,2.0,1.5,1.5,1.0593702545127879
857,1.5,2.0,1.5,2.0,0.9834715139826847
858,1.5,2.0,2.0,0.05,0.815279014775052
859,1.5,2.0,2.0,0.1,0.7628659281055081
860,1.5,2.0,2.0,0.5,0.8700323465873698
861,1.5,2.0,2.0,1.0,0.7159957757561594
862,1.5,2.0,2.0,1.5,0.974422333677283
863,1.5,2.0,2.0,2.0,0.9227745925183916
864,2.0,0.05,0.05,0.05,0.6724928561691652
865,2.0,0.05,0.05,0.1,1.6278433436899657
866,2.0,0.05,0.05,0.5,0.9819533893945949
867,2.0,0.05,0.05,1.0,1.0208119839145988
868,2.0,0.05,0.05,1.5,0.8026414080330183
869,2.0,0.05,0.05,2.0,1.0751398919528552
870,2.0,0.05,0.1,0.05,0.723659546682593
871,2.0,0.05,0.1,0.1,1.8802989842900886
872,2.0,0.05,0.1,0.5,0.9617456790949973
873,2.0,0.05,0.1,1.0,1.0208119839145988
874,2.0,0.05,0.1,1.5,0.8973290297166451
875,2.0,0.05,0.1,2.0,1.1636864512671679
876,2.0,0.05,0.5,0.05,1.3632831889944899
877,2.0,0.05,0.5,0.1,1.1962947372460055
878,2.0,0.05,0.5,0.5,0.8915865526008014
879,2.0,0.05,0.5,1.0,0.9694304908016785
880,2.0,0.05,0.5,1.5,0.8773160820528504
881,2.0,0.05,0.5,2.0,0.7514500182898668
882,2.0,0.05,1.0,0.05,0.9594206835293404
883,2.0,0.05,1.0,0.1,0.899879859624072
884,2.0,0.05,1.0,0.5,1.2814566988799805
885,2.0,0.05,1.0,1.0,0.9186358547334491
886,2.0,0.05,1.0,1.5,0.453157608918342
887,2.0,0.05,1.0,2.0,1.0737414225907156
888,2.0,0.05,1.5,0.05,0.7977072310405636
889,2.0,0.05,1.5,0.1,0.7647482406815885
890,2.0,0.05,1.5,0.5,1.324929978931434
891,2.0,0.05,1.5,1.0,0.7533778692032622
892,2.0,0.05,1.5,1.5,0.8011936519566787
893,2.0,0.05,1.5,2.0,1.1341103743260654
894,2.0,0.05,2.0,0.05,0.8769107526035314
895,2.0,0.05,2.0,0.1,0.8976015412539082
896,2.0,0.05,2.0,0.5,0.8619605869617859
897,2.0,0.05,2.0,1.0,1.1796266137641869
898,2.0,0.05,2.0,1.5,0.893492330670189
899,2.0,0.05,2.0,2.0,0.9920310425234016
900,2.0,0.1,0.05,0.05,0.5135598691933624
901,2.0,0.1,0.05,0.1,1.8373647426999304
902,2.0,0.1,0.05,0.5,0.9819533893945949
903,2.0,0.1,0.05,1.0,1.0208119839145988
904,2.0,0.1,0.05,1.5,0.7640328891954266
905,2.0,0.1,0.05,2.0,1.1423960830826376
906,2.0,0.1,0.1,0.05,1.5616561657532444
907,2.0,0.1,0.1,0.1,1.8492523387384088
908,2.0,0.1,0.1,0.5,0.9617456790949973
909,2.0,0.1,0.1,1.0,1.0208119839145988
910,2.0,0.1,0.1,1.5,0.8802895392633152
911,2.0,0.1,0.1,2.0,1.0562393525936309
912,2.0,0.1,0.5,0.05,1.102536134636195
913,2.0,0.1,0.5,0.1,0.9617456790949973
914,2.0,0.1,0.5,0.5,0.8915865526008014
915,2.0,0.1,0.5,1.0,0.9908383718917246
916,2.0,0.1,0.5,1.5,0.9296424118966471
917,2.0,0.1,0.5,2.0,0.8598731023498768
918,2.0,0.1,1.0,0.05,0.9796910499185668
919,2.0,0.1,1.0,0.1,0.87688631494591
920,2.0,0.1,1.0,0.5,1.333407508506286
921,2.0,0.1,1.0,1.0,0.8960803558156408
922,2.0,0.1,1.0,1.5,0.48514155496333206
923,2.0,0.1,1.0,2.0,1.066563292154109
924,2.0,0.1,1.5,0.05,0.6592699449810309
925,2.0,0.1,1.5,0.1,0.7649935994439132
926,2.0,0.1,1.5,0.5,1.220644371332124
927,2.0,0.1,1.5,1.0,0.7533778692032622
928,2.0,0.1,1.5,1.5,0.7974882601223113
929,2.0,0.1,1.5,2.0,1.1445473265975992
930,2.0,0.1,2.0,0.05,0.8742899443224393
931,2.0,0.1,2.0,0.1,0.9250187944020815
932,2.0,0.1,2.0,0.5,1.0844152380464531
933,2.0,0.1,2.0,1.0,0.8513258004542124
934,2.0,0.1,2.0,1.5,0.9623152011313151
935,2.0,0.1,2.0,2.0,0.9205624898603616
936,2.0,0.5,0.05,0.05,0.8939922001250036
937,2.0,0.5,0.05,0.1,0.9655345315787004
938,2.0,0.5,0.05,0.5,0.9719026048189048
939,2.0,0.5,0.05,1.0,0.9080841610795669
940,2.0,0.5,0.05,1.5,0.7817451463444438
941,2.0,0.5,0.05,2.0,1.2927384382282712
942,2.0,0.5,0.1,0.05,0.955774167339455
943,2.0,0.5,0.1,0.1,1.0004665911088504
944,2.0,0.5,0.1,0.5,0.9719026048189048
945,2.0,0.5,0.1,1.0,0.9080841610795669
946,2.0,0.5,0.1,1.5,0.690277123954501
947,2.0,0.5,0.1,2.0,1.2827866875697074
948,2.0,0.5,0.5,0.05,0.9719026048189048
949,2.0,0.5,0.5,0.1,0.9719026048189048
950,2.0,0.5,0.5,0.5,0.9080841610795669
951,2.0,0.5,0.5,1.0,0.9443711303862611
952,2.0,0.5,0.5,1.5,0.9811098335171418
953,2.0,0.5,0.5,2.0,1.1441399980052822
954,2.0,0.5,1.0,0.05,1.1198554226982413
955,2.0,0.5,1.0,0.1,1.2087503008720575
956,2.0,0.5,1.0,0.5,0.9150726407989709
957,2.0,0.5,1.0,1.0,0.8354245309581114
958,2.0,0.5,1.0,1.5,1.111816472471458
959,2.0,0.5,1.0,2.0,1.3167356690950485
960,2.0,0.5,1.5,0.05,1.0987652094407698
961,2.0,0.5,1.5,0.1,1.2376541784021837
962,2.0,0.5,1.5,0.5,0.940306187169101
963,2.0,0.5,1.5,1.0,0.7799934868763928
964,2.0,0.5,1.5,1.5,0.434398155023866
965,2.0,0.5,1.5,2.0,1.2467345837098223
966,2.0,0.5,2.0,0.05,1.1861017347211347
967,2.0,0.5,2.0,0.1,1.0671717613131744
968,2.0,0.5,2.0,0.5,1.2484217927906107
969,2.0,0.5,2.0,1.0,0.7874321582238473
970,2.0,0.5,2.0,1.5,1.0852650754686524
971,2.0,0.5,2.0,2.0,0.9080158429946652
972,2.0,1.0,0.05,0.05,0.9819533893945949
973,2.0,1.0,0.05,0.1,0.9819533893945949
974,2.0,1.0,0.05,0.5,1.0208119839145988
975,2.0,1.0,0.05,1.0,0.8802895392633152
976,2.0,1.0,0.05,1.5,1.1357470453151695
977,2.0,1.0,0.05,2.0,1.4338775534094388
978,2.0,1.0,0.1,0.05,0.9617456790949973
979,2.0,1.0,0.1,0.1,0.9617456790949973
980,2.0,1.0,0.1,0.5,1.0208119839145988
981,2.0,1.0,0.1,1.0,0.8973290297166451
982,2.0,1.0,0.1,1.5,1.1199554048181457
983,2.0,1.0,0.1,2.0,1.3734989500041697
984,2.0,1.0,0.5,0.05,0.8915865526008014
985,2.0,1.0,0.5,0.1,0.9278892359598294
986,2.0,1.0,0.5,0.5,0.9296638872536499
987,2.0,1.0,0.5,1.0,0.8773160820528504
988,2.0,1.0,0.5,1.5,0.7595178130707728
989,2.0,1.0,0.5,2.0,1.3085201925245469
990,2.0,1.0,1.0,0.05,1.333407508506286
991,2.0,1.0,1.0,0.1,1.2136322121629046
992,2.0,1.0,1.0,0.5,0.8689565938224024
993,2.0,1.0,1.0,1.0,0.20603052514765327
994,2.0,1.0,1.0,1.5,1.1990839709718522
995,2.0,1.0,1.0,2.0,1.5051921666563142
996,2.0,1.0,1.5,0.05,1.220644371332124
997,2.0,1.0,1.5,0.1,1.1725199788800238
998,2.0,1.0,1.5,0.5,0.7533778692032622
999,2.0,1.0,1.5,1.0,0.8053625032533285
1000,2.0,1.0,1.5,1.5,1.0690178052784165
1001,2.0,1.0,1.5,2.0,1.368167697682238
1002,2.0,1.0,2.0,0.05,1.0844152380464531
1003,2.0,1.0,2.0,0.1,1.0544039949943118
1004,2.0,1.0,2.0,0.5,0.6046297268471672
1005,2.0,1.0,2.0,1.0,0.9056995759643848
1006,2.0,1.0,2.0,1.5,1.02811909170805
1007,2.0,1.0,2.0,2.0,1.151226618554304
1008,2.0,1.5,0.05,0.05,0.9719026048189048
1009,2.0,1.5,0.05,0.1,0.9839473866788971
1010,2.0,1.5,0.05,0.5,0.9080841610795669
1011,2.0,1.5,0.05,1.0,0.7817451463444438
1012,2.0,1.5,0.05,1.5,1.2927384382282712
1013,2.0,1.5,0.05,2.0,1.3820505588629988
1014,2.0,1.5,0.1,0.05,0.9719026048189048
1015,2.0,1.5,0.1,0.1,0.9719026048189048
1016,2.0,1.5,0.1,0.5,0.9080841610795669
1017,2.0,1.5,0.1,1.0,0.690277123954501
1018,2.0,1.5,0.1,1.5,1.2827866875697074
1019,2.0,1.5,0.1,2.0,1.355151871207961
1020,2.0,1.5,0.5,0.05,0.8962463080824744
1021,2.0,1.5,0.5,0.1,0.8962463080824744
1022,2.0,1.5,0.5,0.5,0.9443711303862611
1023,2.0,1.5,0.5,1.0,0.9811098335171418
1024,2.0,1.5,0.5,1.5,1.1441399980052822
1025,2.0,1.5,0.5,2.0,1.20149344080955
1026,2.0,1.5,1.0,0.05,0.9293103001939091
1027,2.0,1.5,1.0,0.1,0.8305931810116518
1028,2.0,1.5,1.0,0.5,0.8354245309581114
1029,2.0,1.5,1.0,1.0,1.111816472471458
1030,2.0,1.5,1.0,1.5,1.3167356690950485
1031,2.0,1.5,1.0,2.0,1.4823344588074021
1032,2.0,1.5,1.5,0.05,0.886009817154154
1033,2.0,1.5,1.5,0.1,0.7066893069342045
1034,2.0,1.5,1.5,0.5,0.7799934868763928
1035,2.0,1.5,1.5,1.0,0.434398155023866
1036,2.0,1.5,1.5,1.5,1.2467345837098223
1037,2.0,1.5,1.5,2.0,1.431564761000069
1038,2.0,1.5,2.0,0.05,0.7999855739741167
1039,2.0,1.5,2.0,0.1,0.9400099122695779
1040,2.0,1.5,2.0,0.5,0.7874321582238473
1041,2.0,1.5,2.0,1.0,1.0852650754686524
1042,2.0,1.5,2.0,1.5,0.9080158429946652
1043,2.0,1.5,2.0,2.0,1.1212582687595245
1044,2.0,2.0,0.05,0.05,1.0208119839145988
1045,2.0,2.0,0.05,0.1,1.0208119839145988
1046,2.0,2.0,0.05,0.5,0.8802895392633152
1047,2.0,2.0,0.05,1.0,1.1357470453151695
1048,2.0,2.0,0.05,1.5,1.4338775534094388
1049,2.0,2.0,0.05,2.0,1.688781343616414
1050,2.0,2.0,0.1,0.05,1.0208119839145988
1051,2.0,2.0,0.1,0.1,0.9278892359598294
1052,2.0,2.0,0.1,0.5,0.8973290297166451
1053,2.0,2.0,0.1,1.0,1.1199554048181457
1054,2.0,2.0,0.1,1.5,1.3734989500041697
1055,2.0,2.0,0.1,2.0,1.7033712560095389
1056,2.0,2.0,0.5,0.05,0.9908383718917246
1057,2.0,2.0,0.5,0.1,0.9551466742951575
1058,2.0,2.0,0.5,0.5,0.8773160820528504
1059,2.0,2.0,0.5,1.0,0.7595178130707728
1060,2.0,2.0,0.5,1.5,1.3085201925245469
1061,2.0,2.0,0.5,2.0,1.4704563021976085
1062,2.0,2.0,1.0,0.05,0.8960803558156408
1063,2.0,2.0,1.0,0.1,0.9279132465055212
1064,2.0,2.0,1.0,0.5,0.20603052514765327
1065,2.0,2.0,1.0,1.0,1.1990839709718522
1066,2.0,2.0,1.0,1.5,1.5051921666563142
1067,2.0,2.0,1.0,2.0,1.6648207675840194
1068,2.0,2.0,1.5,0.05,0.7533778692032622
1069,2.0,2.0,1.5,0.1,0.7883891604123671
1070,2.0,2.0,1.5,0.5,0.8053625032533285
1071,2.0,2.0,1.5,1.0,1.0690178052784165
1072,2.0,2.0,1.5,1.5,1.368167697682238
1073,2.0,2.0,1.5,2.0,1.603982376343101
1074,2.0,2.0,2.0,0.05,0.8513258004542124
1075,2.0,2.0,2.0,0.1,0.9048680970881823
1076,2.0,2.0,2.0,0.5,0.9056995759643848
1077,2.0,2.0,2.0,1.0,1.02811909170805
1078,2.0,2.0,2.0,1.5,1.151226618554304
1079,2.0,2.0,2.0,2.0,1.1024771961506972
